32,Aaghaaz,2000,110,4.2
34,Aaj Ka Ravan,2000,120,4.3
108,Anjaane,2000,130,4.1
114,Anokha Moti,2000,140,6.9
124,Apradhi Kaun,2000,110,4.8
131,Astitva,2000,120,7.3
155,Badal,2000,130,4.9
180,Bas Yaari Rakho,2000,140,6.5
186,Bawandar,2000,110,7.0
201,Bhai Thakur,2000,120,3.2
216,Bichhoo,2000,130,5.0
218,Billa No. 786,2000,140,4.4
250,Bulandi,2000,110,5.4
271,Chal Mere Bhai,2000,120,4.7
280,Champion,2000,130,4.3
338,Dahshat,2000,140,
362,Deewane,2000,110,4.7
380,Dhadkan,2000,120,6.5
433,Dulhan Hum Le Jayenge,2000,130,5.1
485,Fiza,2000,140,6.1
505,Gaja Gamini,2000,110,5.0
511,Gang,2000,120,6.1
523,Ghaath,2000,130,4.7
559,Hadh Kar Di Aapne,2000,140,5.3
566,Hamara Dil Aapke Paas Hai,2000,110,5.6
577,Hari-Bhari,2000,120,5.7
597,Hera Pheri,2000,130,8.2
603,Hey Ram,2000,140,7.9
629,Hum To Mohabbat Karega,2000,110,2.7
701,Jallad No. 1,2000,120,4.7
722,Jis Desh Mein Ganga Rehta Hain,2000,130,4.9
735,Joru Ka Ghulam,2000,140,5.1
736,Josh,2000,110,6.2
742,Jung,2000,120,4.2
743,Jungle,2000,130,6.1
761,Kabrastan,2000,140,3.1
769,Kaho Naa... Pyaar Hai,2000,110,6.9
784,Karobaar: The Business of Love,2000,120,4.4
806,Kharidaar,2000,130,
808,Khauff,2000,140,4.4
812,Khiladi 420,2000,110,5.2
855,Kunwara,2000,120,5.1
857,Kurukshetra,2000,130,6.0
860,Kya Kehna,2000,140,5.9
881,Le Chal Apne Sang,2000,110,3.7
982,Mela,2000,120,3.8
991,Meri Jung Ka Elaan,2000,130,4.8
1005,Mission Kashmir,2000,140,6.7
1010,Mohabbatein,2000,110,7.1
1082,Nidaan,2000,120,6.1
1136,Papa the Great,2000,130,5.5
1159,Phir Bhi Dil Hai Hindustani,2000,140,6.2
1229,Raja Ko Rani Se Pyar Ho Gaya,2000,110,3.4
1233,Raju Chacha,2000,120,5.1
1253,Refugee,2000,130,5.4
1352,Shikari,2000,140,4.6
1381,Snip!,2000,110,4.7
1415,Sultaan,2000,120,5.6
1444,Tapish,2000,130,6.0
1446,Tarkieb,2000,140,5.0
1457,Tera Jadoo Chal Gayaa,2000,110,3.0
1492,The Prince of Light,2000,120,6.8
1493,The Revenge: Geeta Mera Naam,2000,130,2.9
1533,Tune Mera Dil Le Liyaa,2000,140,3.4
1641,Zindagi Zindabad,2000,110,5.7
38,Aamdani Atthanni Kharcha Rupaiya,2001,120,4.8
49,Aashiq,2001,130,3.8
84,Ajnabee,2001,140,6.4
87,Aks,2001,110,5.8
90,Albela,2001,120,3.7
143,Baaja,2001,130,6.1
192,Bengal Tiger,2001,140,5.3
202,Bhairav,2001,110,4.6
263,Censor,2001,120,3.5
286,Chandni Bar,2001,130,7.6
304,Chhupa Rustam: A Musical Thriller,2001,140,4.6
314,Chori Chori Chupke Chupke,2001,110,5.4
350,Dattak,2001,120,7.4
361,Deewaanapan,2001,130,4.6
394,Dil Chahta Hai,2001,140,8.1
404,Dil Ne Phir Yaad Kiya,2001,110,3.3
439,Ehsaas: The Feeling,2001,120,5.6
472,Farz,2001,130,4.3
504,Gadar: Ek Prem Katha,2001,140,7.2
543,Grahan,2001,110,5.1
560,Hadh: Life on the Edge of Death,2001,120,4.0
656,Indian,2001,130,5.4
758,Kabhi Khushi Kabhie Gham...,2001,140,7.4
790,Kasam,2001,110,2.9
791,Kasoor,2001,120,6.0
847,Kuch Khatti Kuch Meethi,2001,130,4.6
873,Lagaan: Once Upon a Time in India,2001,140,8.1
877,Lajja,2001,110,6.7
977,Maya,2001,120,7.0
1009,Mitti,2001,130,5.3
1026,Mujhe Kucch Kehna Hai,2001,140,5.0
1027,Mujhe Meri Biwi Se Bachaao,2001,110,4.2
1096,Officer,2001,120,4.2
1106,One 2 Ka 4,2001,130,5.4
1118,Paagalpan,2001,140,6.5
1191,Pyaar Ishq Aur Mohabbat,2001,110,4.0
1196,Pyaar Zindagi Hai,2001,120,6.5
1224,Rahul,2001,130,5.4
1254,Rehnaa Hai Terre Dil Mein,2001,140,7.6
1355,Shirdi Sai Baba,2001,110,4.8
1412,Style,2001,120,6.7
1440,Tamboo Mein Bamoo,2001,130,6.5
1459,Tera Mera Saath Rahen,2001,140,4.9
1463,Tere Liye,2001,110,5.3
1560,Veer Savarkar,2001,120,6.8
1622,Yeh Raaste Hain Pyaar Ke,2001,130,4.1
1624,Yeh Zindagi Ka Safar,2001,140,3.0
1645,Zubeidaa,2001,110,6.2
5,16-Dec,2002,120,6.9
11,23rd March 1931: Shaheed,2002,130,5.1
42,Aankhen,2002,140,7.4
45,Aap Mujhe Achche Lagne Lage,2002,110,3.1
56,Ab Ke Baras,2002,120,3.3
86,Akhiyon Se Goli Maare,2002,130,5.1
113,Annarth,2002,140,3.1
115,Ansh: The Deadly Part,2002,110,6.3
134,Awara Paagal Deewana,2002,120,6.2
157,Badhaai Ho Badhaai,2002,130,4.5
187,Be-Lagaam,2002,140,2.9
276,Chalo Ishq Ladaaye,2002,110,4.4
312,Chor Machaaye Shor,2002,120,4.2
324,Company,2002,130,7.9
364,Deewangee,2002,140,6.6
372,Desh Devi,2002,110,
378,Devdas,2002,120,7.6
398,Dil Hai Tumhaara,2002,130,5.3
408,Dil Vil Pyar Vyar,2002,140,5.3
415,Divya Drishti,2002,110,
443,Ek Chhotisi Love Story,2002,120,2.9
463,Encounter: The Killing,2002,130,6.1
524,Ghaav: The Wound,2002,140,5.4
551,Gunaah,2002,110,3.3
557,Haan Maine Bhi Pyaar Kiya,2002,120,3.7
628,Hum Pyar Tumhi Se Kar Baithe,2002,130,5.7
633,Hum Tumhare Hain Sanam,2002,140,5.4
640,Humraaz,2002,110,6.4
686,Jaani Dushman: Ek Anokhi Kahani,2002,120,2.8
712,Jeena Sirf Merre Liye,2002,130,4.4
754,Kaante,2002,140,6.5
759,Kabhie Tum Kabhie Hum,2002,110,4.4
787,Karz: The Burden of Truth,2002,120,3.9
798,Kehtaa Hai Dil Baar Baar,2002,130,4.7
835,Koi Mere Dil Se Poochhe,2002,140,3.5
838,Kranti,2002,110,3.8
850,Kuch Tum Kaho Kuch Hum Kahein,2002,120,5.6
862,Kya Yehi Pyaar Hai,2002,130,3.9
863,Kyaa Dil Ne Kahaa,2002,140,3.0
880,Lal Salaam,2002,110,6.7
928,Maa Tujhhe Salaam,2002,120,3.5
948,Maine Dil Tujhko Diya,2002,130,3.7
968,Maseeha,2002,140,4.1
990,Mere Yaar Ki Shaadi Hai,2002,110,5.3
1031,Mulaqaat,2002,120,2.9
1059,Na Tum Jaano Na Hum,2002,130,5.0
1100,Om Jai Jagadish,2002,140,5.5
1171,Pitaah,2002,110,6.3
1189,Pyaar Diwana Hota Hai,2002,120,3.9
1197,Pyaasa,2002,130,3.3
1198,Pyar Ki Dhun,2002,140,2.5
1208,Raaz,2002,110,6.5
1261,Road,2002,120,5.6
1290,Saathiya,2002,130,6.8
1339,Shaheed-E-Azam,2002,140,6.8
1347,Shararat,2002,110,4.6
1382,Soch,2002,120,4.3
1488,The Legend of Bhagat Singh,2002,130,8.1
1529,Tum Se Achcha Kaun Hai,2002,140,4.6
1532,Tumko Na Bhool Paayenge,2002,110,5.6
1573,Waah! Tera Kya Kehna,2002,120,3.7
1611,Yeh Dil Aashiqanaa,2002,130,4.3
1615,Yeh Hai Jalwa,2002,140,4.7
1617,Yeh Kaisi Mohabbat,2002,110,3.8
1619,Yeh Kya Ho Raha Hai?,2002,120,4.6
1621,Yeh Mohabbat Hai,2002,130,5.0
1638,Zindagi Khoobsoorat Hai,2002,140,5.5
13,3 Deewarein,2003,110,7.8
23,88 Antop Hill,2003,120,4.7
33,Aaj Ka Andha Kanoon,2003,130,3.1
41,Aanch,2003,140,5.6
46,Aapko Pehle Bhi Kahin Dekha Hai,2003,110,4.5
75,Aisaa Kyon,2003,120,3.7
100,Andaaz,2003,130,5.3
127,Armaan,2003,140,5.2
144,Baap Ka Baap,2003,110,5.0
147,Baaz: A Bird in Danger,2003,120,3.2
163,Baghban,2003,130,7.4
181,Bas Yun Hi,2003,140,5.6
182,Basti,2003,110,7.0
211,Bhoot,2003,120,6.5
242,Boom,2003,130,2.3
260,Calcutta Mail,2003,140,5.7
277,Chalte Chalte,2003,110,6.6
313,Chori Chori,2003,120,4.8
316,Chupke Se,2003,130,5.4
317,Chura Liyaa Hai Tumne,2003,140,3.7
336,Dabdaba,2003,110,
340,Danav,2003,120,4.7
345,Darna Mana Hai,2003,130,6.3
390,Dhoop,2003,140,7.2
402,Dil Ka Rishta,2003,110,4.8
405,Dil Pardesi Ho Gayaa,2003,120,4.8
434,Dum,2003,130,5.6
441,Ek Alag Mausam,2003,140,6.7
444,Ek Din 24 Ghante,2003,110,3.9
466,Escape from Taliban,2003,120,4.3
487,Footpath,2003,130,5.3
513,Gangaajal,2003,140,7.8
558,Haasil,2003,110,7.6
585,Hawa,2003,120,3.3
590,Hazaaron Khwaishein Aisi,2003,130,7.9
635,Humein Tumse Pyar Ho Gaya Chupke Chupke,2003,140,1.7
642,Hungama,2003,110,7.5
657,Indian Babu,2003,120,4.5
662,Inteha,2003,130,5.1
673,Ishq Vishk,2003,140,6.0
682,Jaal: The Trap,2003,110,4.1
698,Jajantaram Mamantaram,2003,120,5.8
704,Janasheen,2003,130,2.9
714,Jhankaar Beats,2003,140,7.2
723,Jism,2003,110,5.2
729,Jodi Kya Banayi Wah Wah Ramji,2003,120,3.8
755,Kaash... Hamara Dil Pagal Na Hota,2003,130,3.6
764,Kagaar: Life on the Edge,2003,140,5.7
767,Kahan Ho Tum,2003,110,3.9
770,Kaise Kahoon Ke... Pyaar Hai,2003,120,3.3
773,Kal Ho Naa Ho,2003,130,7.9
817,Khushi,2003,140,4.4
819,Khwahish,2003,110,4.1
836,Koi... Mil Gaya,2003,120,7.1
846,Kucch To Hai,2003,130,4.2
849,Kuch Naa Kaho,2003,140,5.4
867,Kyon?,2003,110,3.4
890,LOC: Kargil,2003,120,5.2
898,Love at Times Square,2003,130,3.8
927,Maa Santoshi Maa,2003,140,8.9
946,Main Prem Ki Diwani Hoon,2003,110,4.0
957,Maqbool,2003,120,8.1
964,Market,2003,130,3.5
1001,Miss India: The Mystery,2003,140,3.6
1025,Mudda: The Issue,2003,110,3.9
1036,Mumbai Matinee,2003,120,5.2
1040,Mumbai Se Aaya Mera Dost,2003,130,3.3
1043,Munna Bhai M.B.B.S.,2003,140,8.1
1061,Naag Lok,2003,110,3.4
1074,Nayee Padosan,2003,120,5.4
1099,Om,2003,130,3.7
1112,Oops!,2003,140,3.5
1113,Out of Control,2003,110,3.3
1120,Paanch,2003,120,7.7
1121,Paap,2003,130,5.1
1144,Parwana,2003,140,2.2
1148,Patth,2003,110,4.6
1169,Pinjar,2003,120,8.0
1201,Qayamat: City Under Threat,2003,130,4.7
1219,Raghu More: Bachelor of Hearts,2003,140,4.5
1220,Raghu Romeo,2003,110,6.9
1228,Raja Bhaiya,2003,120,3.7
1280,Rules: Pyaar Ka Superhit Formula,2003,130,6.4
1293,Saaya,2003,140,5.8
1300,Samay: When Time Strikes,2003,110,6.9
1304,Sanatta: The Silence,2003,120,7.4
1305,Sandhya,2003,130,5.8
1316,Satta,2003,140,6.8
1399,Sssshhh...,2003,110,4.4
1411,Stumped,2003,120,2.6
1421,Supari,2003,130,4.3
1433,Tada,2003,140,4.7
1434,Taj Mahal: A Monument of Love,2003,110,6.7
1437,Talaash: The Hunt Begins...,2003,120,4.7
1445,Tareekh,2003,130,
1454,Tehzeeb,2003,140,5.9
1485,The Hero: Love Story of a Spy,2003,110,5.3
1523,Tu Bal Bramhachari Main Hoon Kanya Kunwari,2003,120,4.7
1525,Tujhe Meri Kasam,2003,130,6.4
1557,Valentine Days,2003,140,1.9
1602,Xcuse Me,2003,110,5.7
1610,Yeh Dil,2003,120,3.9
1629,Zameen,2003,130,5.3
30,Aabra Ka Daabra,2004,140,2.4
40,Aan: Men at Work,2004,110,5.7
58,Ab Tumhare Hawale Watan Saathiyo,2004,120,4.6
59,Ab... Bas!,2004,130,3.2
67,Aetbaar,2004,140,4.6
77,Aitraaz,2004,110,6.6
130,Asambhav,2004,120,3.4
176,Bardaasht,2004,130,5.9
208,Bhola in Bollywood,2004,140,6.3
227,Black Friday,2004,110,8.5
375,Dev,2004,120,6.9
387,Dhoom,2004,130,6.7
392,Dil Bechara Pyaar Ka Maara,2004,140,5.4
422,Dobara,2004,110,3.2
446,Ek Hasina Thi,2004,120,7.5
453,Ek Se Badhkar Ek,2004,130,4.4
477,Fida,2004,140,5.5
480,Final Solution,2004,110,8.5
521,Gayab,2004,120,4.2
531,Girlfriend,2004,130,3.2
584,Hava Aney Dey,2004,140,6.2
588,Hawas,2004,110,2.7
623,Hulchul,2004,120,7.0
630,Hum Tum,2004,130,7.0
644,Hyderabad Blues 2,2004,140,6.1
660,Insaaf: The Justice,2004,110,3.9
663,Inteqam: The Perfect Game,2004,120,5.0
670,Ishq Hai Tumse,2004,130,3.1
740,Julie,2004,140,4.0
794,Kaun Hai Jo Sapno Mein Aaya,2004,110,5.1
796,Kaya Taran,2004,120,
801,Khakee,2004,130,7.4
824,Kis Kis Ki Kismat,2004,140,2.5
827,Kismat,2004,110,3.7
831,Kiss Kis Ko,2004,120,4.6
841,Krishna Cottage,2004,130,5.2
868,Kyun! Ho Gaya Na...,2004,140,4.2
879,Lakshya,2004,110,7.9
884,Let's Enjoy,2004,120,6.3
936,Madhoshi,2004,130,4.6
943,Main Hoon Na,2004,140,7.0
970,Masti,2004,110,6.2
1017,Morning Raga,2004,120,6.7
1029,Mujhse Shaadi Karogi,2004,130,6.7
1046,Murder,2004,140,5.4
1049,Musafir,2004,110,5.5
1050,Muskaan,2004,120,4.4
1060,Naach,2004,130,4.2
1130,Paisa Vasool,2004,140,4.1
1162,Phir Milenge,2004,110,6.1
1175,Plan,2004,120,4.1
1178,Police Force: An Inside Story,2004,130,4.5
1180,Popcorn Khao! Mast Ho Jao,2004,140,4.0
1226,Raincoat,2004,110,7.6
1234,Rakht,2004,120,3.7
1271,Rok Sako To Rok Lo,2004,130,4.3
1278,Rudraksh,2004,140,2.7
1281,Run,2004,110,4.8
1327,Shaadi Ka Laddoo,2004,120,5.1
1348,Shart: The Challenge,2004,130,3.5
1349,Sheen,2004,140,6.2
1351,Shikaar,2004,110,4.9
1369,Shukriya: Till Death Do Us Apart,2004,120,5.1
1404,Stop!,2004,130,4.4
1420,Suno Sasurjee,2004,140,2.5
1426,Surya,2004,110,5.6
1427,Swades,2004,120,8.2
1431,Taarzan: The Wonder Car,2004,130,4.5
1505,Thoda Tum Badlo Thoda Hum,2004,140,4.6
1556,Vaastu Shastra,2004,110,5.0
1561,Veer-Zaara,2004,120,7.8
1578,Wajahh: A Reason to Kill,2004,130,4.3
1620,Yeh Lamhe Judaai Ke,2004,140,3.7
1627,Yuva,2004,110,7.4
106,Anjaan,2005,120,2.5
120,Apaharan,2005,130,7.4
153,Bachke Rehna Re Baba,2005,140,2.7
193,Bewafaa,2005,110,4.4
200,Bhagmati,2005,120,6.1
225,Black,2005,130,8.2
251,Bullet: Ek Dhamaka,2005,140,3.6
256,Bunty Aur Babli,2005,110,6.2
283,Chand Bujh Gaya,2005,120,6.8
285,Chand Sa Roshan Chehra,2005,130,4.7
296,Chehraa,2005,140,3.8
298,Chetna: The Excitement,2005,110,3.1
330,D,2005,120,6.8
363,Deewane Huye Paagal,2005,130,5.3
377,Devaki,2005,140,4.2
399,Dil Jo Bhi Kahey...,2005,110,4.6
428,Dosti: Friends Forever,2005,120,5.5
440,Ek Ajnabee,2005,130,5.2
448,Ek Khiladi Ek Haseena,2005,140,5.7
451,Ek Main Ek Tum,2005,110,
462,Elaan,2005,120,4.4
471,Fareb,2005,130,4.1
478,Film Star,2005,140,5.1
518,Garam Masala,2005,110,6.7
569,Hanuman,2005,120,7.6
625,Hum Dum,2005,130,6.9
661,Insan,2005,140,4.6
664,Iqbal,2005,110,8.1
703,James,2005,120,3.7
725,Jo Bole So Nihaal,2005,130,3.6
746,Jurm,2005,140,5.4
751,Kaal,2005,110,4.6
781,Karam,2005,120,5.5
789,Kasak,2005,130,4.5
802,Khamoshh... Khauff Ki Raat,2005,140,3.3
830,Kisna: The Warrior Poet,2005,110,4.5
834,Koi Mere Dil Mein Hai,2005,120,4.7
853,Kuchh Meetha Ho Jaye,2005,130,3.4
864,Kyaa Kool Hai Hum,2005,140,6.1
917,Lucky: No Time for Love,2005,110,4.7
940,Main Aisa Hi Hoon,2005,120,4.8
952,Mangal Pandey: The Rising,2005,130,6.6
969,Mashooka,2005,140,5.3
978,Mazaa Mazaa,2005,110,2.7
1021,Mr Prime Minister,2005,120,5.2
1022,Mr Ya Miss,2005,130,3.6
1034,Mumbai Godfather,2005,140,3.4
1041,Mumbai Xpress,2005,110,6.6
1053,My Brother... Nikhil,2005,120,7.2
1057,My Wife's Murder,2005,130,6.1
1062,Naam Gum Jaayega,2005,140,5.9
1064,Naina,2005,110,4.3
1075,Neal 'n' Nikki,2005,120,3.2
1079,Netaji Subhas Chandra Bose: The Forgotten Hero,2005,130,7.6
1086,No Entry,2005,140,6.6
1126,Padmashree Laloo Prasad Yadav,2005,110,2.4
1128,Page 3,2005,120,7.3
1129,Paheli,2005,130,6.5
1141,Parineeta,2005,140,7.2
1151,Pehchaan: The Face of Truth,2005,110,5.7
1195,Pyaar Mein Twist,2005,120,6.1
1255,Revati,2005,130,5.1
1270,Rog,2005,140,5.2
1289,Saathi: The Companion,2005,110,
1298,Salaam Namaste,2005,120,6.2
1312,Sarkar,2005,130,7.6
1324,Sehar,2005,140,7.7
1331,Shaadi No. 1,2005,110,3.5
1335,Shabd,2005,120,5.1
1336,Shabnam Mausi,2005,130,6.2
1350,Sheesha,2005,140,3.4
1353,Shikhar,2005,110,4.9
1372,Silsiilay,2005,120,4.0
1379,Sitam,2005,130,2.6
1384,Socha Na Tha,2005,140,7.4
1400,Ssukh,2005,110,5.0
1435,Taj Mahal: An Eternal Love Story,2005,120,5.0
1441,Tango Charlie,2005,130,6.0
1476,The Blue Umbrella,2005,140,7.4
1481,The Film,2005,110,6.4
1512,Time Pass,2005,120,4.1
1516,Topless,2005,130,2.6
1538,"U, Bomsi n Me",2005,140,6.9
1554,Vaada,2005,110,5.6
1555,Vaah! Life Ho Toh Aisi!,2005,120,4.5
1568,Viruddh... Family Comes First,2005,130,7.1
1582,Waqt: The Race Against Time,2005,140,6.8
1606,Yakeen,2005,110,5.1
1625,Yehi Hai Zindagi,2005,120,5.4
1632,Zeher,2005,130,5.4
16,36 China Town,2006,140,5.7
44,Aap Ki Khatir,2006,110,3.6
64,Adharm,2006,120,5.3
71,Ahista Ahista,2006,130,7.0
73,Aisa Kyon Hota Hai?,2006,140,3.9
88,Aksar,2006,110,4.8
109,Ankahee,2006,120,4.1
117,Anthony Kaun Hai?,2006,130,5.2
122,Apna Sapna Money Money,2006,140,5.3
129,Aryan: Unbreakable,2006,110,4.4
140,Baabul,2006,120,5.4
179,Bas Ek Pal,2006,130,5.9
199,Bhagam Bhag,2006,140,6.5
284,Chand Ke Paar Chalo,2006,110,6.7
308,Chingaari,2006,120,4.6
315,Chup Chup Ke,2006,130,6.8
326,Corporate,2006,140,6.5
346,Darna Zaroori Hai,2006,110,5.4
356,Deadline: Sirf 24 Ghante,2006,120,6.3
388,Dhoom 2,2006,130,6.5
396,Dil Diya Hai,2006,140,3.5
424,Don,2006,110,7.2
427,Dor,2006,120,7.9
470,Fanaa,2006,130,7.2
517,Gangster,2006,140,7.1
540,Golmaal: Fun Unlimited,2006,110,7.4
612,Holiday,2006,120,4.3
636,Humko Deewana Kar Gaye,2006,130,5.2
637,Humko Tumse Pyaar Hai,2006,140,4.8
651,I See You,2006,110,4.1
683,Jaane Hoga Kya,2006,120,2.7
720,Jigyaasa,2006,130,3.4
757,Kabhi Alvida Naa Kehna,2006,140,6.1
762,Kabul Express,2006,110,6.8
843,Krrish,2006,120,6.4
874,Lage Raho Munna Bhai,2006,130,8.0
902,Love Ke Chakkar Mein,2006,140,4.2
937,Madhubaala,2006,110,3.2
950,Malamaal Weekly,2006,120,7.0
984,Men Not Allowed,2006,130,3.6
988,Mere Jeevan Saathi,2006,140,3.5
1065,Naksha,2006,110,3.3
1103,Omkara,2006,120,8.1
1160,Phir Hera Pheri,2006,130,7.0
1185,Prateeksha,2006,140,5.5
1194,Pyaar Ke Side Effects,2006,110,6.7
1199,Pyare Mohan,2006,120,3.3
1241,Rang De Basanti,2006,130,8.1
1268,Rocky,2006,140,3.9
1291,Saawan... The Love Season,2006,110,2.8
1306,Sandwich,2006,120,5.4
1311,Sarhad Paar,2006,130,3.9
1328,Shaadi Karke Phas Gaya Yaar,2006,140,4.1
1332,Shaadi Se Pehle,2006,110,4.1
1357,Shiva,2006,120,3.9
1395,Souten: The Other Woman,2006,130,4.7
1448,Tathastu,2006,140,4.4
1453,Teesri Aankh: The Hidden Camera,2006,110,2.6
1544,Umar,2006,120,5.5
1545,Umrao Jaan,2006,130,5.5
1552,Utthaan,2006,140,4.1
1570,Vivah,2006,110,6.6
1600,Woh Lamhe...,2006,120,6.4
1608,Yatra,2006,130,6.4
1636,Zinda,2006,140,4.9
1637,Zindaggi Rocks,2006,110,4.0
4,1971,2007,120,8.1
17,50 Lakh,2007,130,6.5
18,68 Pages,2007,140,6.2
35,Aaja Nachle,2007,110,6.2
105,Anjaam,2007,120,6.1
119,Anwar,2007,130,6.6
121,Apna Asmaan,2007,140,6.2
123,Apne,2007,110,6.0
135,Awarapan,2007,120,7.3
206,Bheja Fry,2007,130,7.6
209,Bhool Bhulaiyaa,2007,140,7.3
217,Big Brother,2007,110,3.8
249,Buddha Mar Gaya,2007,120,2.6
262,Cash,2007,130,3.4
266,Chak De! India,2007,140,8.2
294,Cheeni Kum,2007,110,6.8
301,Chhodon Naa Yaar,2007,120,4.6
320,Cocktail: The Deadly Combination,2007,130,
344,Darling,2007,140,3.8
370,Delhii Heights,2007,110,4.2
381,Dhamaal,2007,120,7.3
385,Dhokha,2007,130,6.2
386,Dhol,2007,140,6.3
397,Dil Dosti Etc,2007,110,7.0
437,Dus Kahaniyaan,2007,120,5.7
442,Ek Chalis Ki Last Local,2007,130,7.3
460,Eklavya: The Royal Guard,2007,140,6.1
510,"Gandhi, My Father",2007,110,7.3
515,Gangotri,2007,120,5.8
520,Gauri: The Unborn,2007,130,3.5
533,Go,2007,140,2.7
541,"Good Boy, Bad Boy",2007,110,3.8
583,Hattrick,2007,120,4.2
604,Heyy Babyy,2007,130,6.0
614,Honeymoon Travels Pvt. Ltd.,2007,140,6.1
638,Humne Jeena Seekh Liya,2007,110,6.9
689,Jab We Met,2007,120,7.9
693,Jahan Jaaeyega Hamen Paaeyega,2007,130,3.9
715,Jhoom Barabar Jhoom,2007,140,3.7
731,Johnny Gaddaar,2007,110,7.8
748,Kaafila,2007,120,3.3
815,Khoya Khoya Chand,2007,130,6.3
861,Kya Love Story Hai,2007,140,3.6
886,Life Mein Kabhie Kabhiee,2007,110,5.8
892,Loins of Punjab Presents,2007,120,7.0
962,Marigold,2007,130,4.8
1019,MP3: Mera Pehla Pehla Pyaar,2007,140,7.0
1039,Mumbai Salsa,2007,110,4.8
1068,Namastey London,2007,120,7.1
1070,Naqaab,2007,130,5.4
1077,Nehlle Pe Dehlla,2007,140,3.8
1085,Nishabd,2007,110,5.4
1089,No Smoking,2007,120,7.3
1101,Om Shanti Om,2007,130,6.7
1143,Partner,2007,140,5.8
1246,Raqeeb,2007,110,4.2
1251,Red Swastik,2007,120,2.8
1252,Red: The Dark Side,2007,130,3.3
1259,Risk,2007,140,6.6
1292,Saawariya,2007,110,5.2
1297,Salaam Bacche,2007,120,5.8
1343,Shakalaka Boom Boom,2007,130,2.3
1359,Shootout at Lokhandwala,2007,140,7.1
1365,Showbiz,2007,110,3.6
1398,Speed,2007,120,2.9
1428,Swami,2007,130,6.8
1430,Ta Ra Rum Pum,2007,140,5.6
1520,Traffic Signal,2007,110,6.5
1590,Welcome,2007,120,6.9
2,1920,2008,130,6.4
39,Aamir,2008,140,7.7
116,Antardwand,2008,110,7.3
154,Bachna Ae Haseeno,2008,120,6.1
240,Bombay to Bangkok,2008,130,4.6
258,C Kkompany,2008,140,5.4
279,Chamku,2008,110,4.0
282,Chanchal,2008,120,4.0
325,Contract,2008,130,4.0
349,Dasvidaniya,2008,140,7.8
355,De Taali,2008,110,4.1
403,Dil Kabaddi,2008,120,5.7
426,Don Muthu Swami,2008,130,4.7
457,Ek Vivaah... Aisa Bhi,2008,140,5.2
473,Fashion,2008,110,6.9
525,Ghajini,2008,120,7.3
527,Ghatothkach,2008,130,6.9
535,God Tussi Great Ho,2008,140,3.6
539,Golmaal Returns,2008,110,5.1
542,Good Luck!,2008,120,3.0
556,Haal-e-Dil,2008,130,3.4
565,Halla Bol,2008,140,6.1
576,Hari Puttar: A Comedy of Terrors,2008,110,1.9
593,Hello,2008,120,3.3
599,Heroes,2008,130,5.5
721,Jimmy,2008,140,1.6
727,Jodhaa Akbar,2008,110,7.6
788,Karzzzz,2008,120,2.1
822,Kidnap,2008,130,4.6
828,Kismat Konnection,2008,140,5.2
839,Krazzy 4,2008,110,4.2
908,Love Story 2050,2008,120,2.6
939,Maharathi,2008,130,7.1
979,Meerabai Not Out,2008,140,3.9
980,Mehbooba,2008,110,3.5
985,Mere Baap Pehle Aap,2008,120,5.4
1014,Money Hai Toh Honey Hai,2008,130,2.7
1030,Mukhbiir,2008,140,6.9
1037,Mumbai Meri Jaan,2008,110,7.7
1111,One Two Three,2008,120,5.3
1115,Oye Lucky! Lucky Oye!,2008,130,7.7
1152,Pehli Nazar Ka Pyaar,2008,140,4.4
1161,Phir Kabhi,2008,110,6.8
1164,Phoonk,2008,120,3.9
1213,Rab Ne Bana Di Jodi,2008,130,7.2
1215,Race,2008,140,6.7
1236,Rama Rama Kya Hai Dramaa?,2008,110,3.9
1264,Roadside Romeo,2008,120,5.2
1266,Rock On!!,2008,130,7.7
1287,Saas Bahu Aur Sensex,2008,140,5.1
1314,Sarkar Raj,2008,110,6.7
1393,Sorry Bhai!,2008,120,6.1
1417,Summer 2007,2008,130,6.2
1418,Sunday,2008,140,5.3
1425,Superstar,2008,110,6.0
1447,Tashan,2008,120,3.9
1504,Thoda Pyaar Thoda Magic,2008,130,4.9
1506,Thodi Life Thoda Magic,2008,140,3.9
1536,U Me Aur Hum,2008,110,5.9
1543,Ugly Aur Pagli,2008,120,3.7
1565,Via Darjeeling,2008,130,5.4
1574,Wafaa,2008,140,3.7
1594,Welcome to Sajjanpur,2008,110,6.9
1601,Woodstock Villa,2008,120,3.3
1628,Yuvvraaj,2008,130,4.1
1,99,2009,140,7.3
22,8 x 10 Tasveer,2009,110,5.4
31,Aagey Se Right,2009,120,5.0
43,Aao Wish Karein,2009,130,5.1
52,Aasma: The Sky Is the Limit,2009,140,3.8
60,Acid Factory,2009,110,5.0
70,Agyaat,2009,120,2.9
81,Ajab Prem Ki Ghazab Kahani,2009,130,6.4
89,Aladin,2009,140,4.6
93,All the Best: Fun Begins,2009,110,6.2
139,Baabarr,2009,120,5.1
170,Banaras,2009,130,3.2
219,Billu,2009,140,6.2
232,Blue,2009,110,3.7
233,Blue Oranges,2009,120,6.5
269,Chal Chala Chal,2009,130,4.6
270,Chal Chalein,2009,140,6.3
309,Chintu Ji,2009,110,6.0
322,Coffee House,2009,120,6.4
353,De Dana Dan,2009,130,5.5
369,Delhi-6,2009,140,6.1
376,Dev.D,2009,110,8.0
393,Dil Bole Hadippa!,2009,120,4.6
419,Do Knot Disturb,2009,130,3.6
454,Ek Se Bure Do,2009,140,4.3
491,Fox,2009,110,5.2
680,It's a Man's World,2009,120,
697,Jail,2009,130,6.2
774,Kal Kissne Dekha,2009,140,3.6
778,Kambakkht Ishq,2009,110,3.9
779,Kaminey,2009,120,7.4
826,Kisaan,2009,130,5.3
856,Kurbaan,2009,140,5.7
883,Let's Dance,2009,110,5.7
893,London Dreams,2009,120,5.3
904,Love Khichdi,2009,130,5.7
912,Luck,2009,140,4.8
913,Luck by Chance,2009,110,7.1
960,Marega Salaa,2009,120,4.9
989,Mere Khwabon Mein Jo Aaye,2009,130,5.6
992,Meri Padosan,2009,140,3.3
1080,New York,2009,110,6.8
1150,Paying Guests,2009,120,4.2
1211,Raaz: The Mystery Continues,2009,130,5.6
1250,Red Alert: The War Within,2009,140,6.4
1262,Road to Sangam,2009,110,7.4
1263,"Road, Movie",2009,120,6.8
1277,Royal Utsav,2009,130,
1308,Sankat City,2009,140,6.2
1326,Shaabash! You Can Do It,2009,110,
1371,Sikandar,2009,120,6.4
1458,Tera Kya Hoga Johnny,2009,130,6.0
1472,Thanks Maa,2009,140,7.9
1480,The Fakir of Venice,2009,110,5.1
1497,The Stoneman Murders,2009,120,7.4
1508,"Three: Love, Lies, Betrayal",2009,130,5.8
1527,Tum Mile,2009,140,5.0
1567,Victory,2009,110,3.8
1580,Wake Up Sid,2009,120,7.6
1581,Wanted,2009,130,6.6
1596,What's Your Raashee?,2009,140,4.6
25,A Flat,2010,110,4.5
36,Aakrosh,2010,120,7.0
48,Aashayein,2010,130,7.1
62,Action Replayy,2010,140,4.2
63,Ada... A Way of Life,2010,110,3.6
65,Admissions Open,2010,120,3.3
76,Aisha,2010,130,5.0
94,Allah Ke Banday,2010,140,6.1
107,Anjaana Anjaani,2010,110,5.8
132,Atithi Tum Kab Jaoge?,2010,120,6.4
171,Band Baaja Baaraat,2010,130,7.2
223,Bird Idol,2010,140,4.3
245,Break Ke Baad,2010,110,5.2
254,Bumm Bumm Bole,2010,120,6.1
281,Chance Pe Dance,2010,130,4.7
289,Chase,2010,140,4.9
318,Click,2010,110,3.5
333,Dabangg,2010,120,6.2
384,Dhobi Ghat,2010,130,7.0
416,Diwangi Ne Had Kar Di,2010,140,
417,Do Dilon Ke Khel Mein,2010,110,5.5
418,Do Dooni Chaar,2010,120,7.5
432,Dulha Mil Gaya,2010,130,4.2
537,Golmaal 3,2010,140,5.5
554,Guru,2010,110,
555,Guzaarish,2010,120,7.5
594,Hello Darling,2010,130,2.7
595,Hello Zindagi,2010,140,6.0
596,Help,2010,110,4.3
606,Hide & Seek,2010,120,4.2
611,Hisss,2010,130,2.9
619,Housefull,2010,140,5.5
631,Hum Tum Aur Ghost,2010,110,4.7
645,I Am,2010,120,6.8
646,I Am Kalam,2010,130,8.0
648,I Hate Luv Storys,2010,140,5.6
653,Idiot Box,2010,110,4.5
676,Ishqiya,2010,120,7.3
677,Isi Life Mein...!,2010,130,5.4
684,Jaane Kahan Se Aayi Hai,2010,140,3.8
716,Jhootha Hi Sahi,2010,110,6.1
753,Kaalo,2010,120,3.3
772,Kajraare,2010,130,2.8
785,Karthik Calling Karthik,2010,140,7.1
807,Khatta Meetha,2010,110,5.7
810,Khelein Hum Jee Jaan Sey,2010,120,5.8
811,Khichdi: The Movie,2010,130,7.2
816,Khuda Kasam,2010,140,3.2
832,Kites,2010,110,6.1
833,Knock Out,2010,120,6.0
852,Kuchh Kariye,2010,130,4.1
858,Kushti,2010,140,4.3
872,Lafangey Parindey,2010,110,5.2
875,Lahore,2010,120,6.3
951,Mallika,2010,130,4.6
983,Memories in March,2010,140,7.2
997,Milenge Milenge,2010,110,4.1
999,Mirch,2010,120,6.5
1008,Mittal v/s Mittal,2010,130,4.2
1051,Muskurake Dekh Zara,2010,140,4.2
1054,My Friend Ganesha 3,2010,110,4.4
1056,My Name Is Khan,2010,120,8.0
1058,Na Ghar Ke Na Ghaat Ke,2010,130,6.1
1066,Nakshatra,2010,140,5.0
1088,No Problem,2010,110,4.3
1105,Once Upon a Time in Mumbaai,2010,120,7.4
1123,Paathshaala,2010,130,4.9
1135,Pankh,2010,140,3.7
1149,Payback,2010,110,5.5
1155,Phas Gaye Re Obama,2010,120,7.5
1165,Phoonk 2,2010,130,3.2
1186,Prem Kaa Game,2010,140,3.4
1190,Pyaar Impossible!,2010,110,4.6
1207,Raavan,2010,120,5.4
1237,Ramaa: The Saviour,2010,130,3.4
1239,Ramayana: The Epic,2010,140,5.9
1245,Rann,2010,110,6.9
1258,Right Yaaa Wrong,2010,120,6.4
1272,Rokkk,2010,130,4.2
1361,Shor in the City,2010,140,7.2
1383,Soch Lo,2010,110,6.5
1407,Striker,2010,120,6.9
1450,Teen Patti,2010,130,4.1
1452,Tees Maar Khan,2010,140,2.6
1461,Tere Bin Laden,2010,110,7.2
1473,That Girl in Yellow Boots,2010,120,6.7
1482,The Film Emotional Atyachar,2010,130,6.0
1515,Toh Baat Pakki!,2010,140,5.1
1522,Trump Card,2010,110,3.0
1528,Tum Milo Toh Sahi,2010,120,5.6
1540,Udaan,2010,130,8.1
1559,Veer,2010,140,4.5
1587,We Are Family,2010,110,5.6
20,7 Khoon Maaf,2011,120,6.1
47,Aarakshan,2011,130,6.2
51,Aashiqui.in,2011,140,3.7
54,Aazaan,2011,110,4.4
96,Always Kabhi Kabhi,2011,120,4.0
102,Angel,2011,130,6.3
207,Bheja Fry 2,2011,140,4.7
221,Bin Bulaye Baraati,2011,110,3.8
235,Bodyguard,2011,120,4.7
247,Bubble Gum,2011,130,7.3
275,Chalo Dilli,2011,140,6.8
287,Chargesheet,2011,110,6.3
291,Chatur Singh Two Star,2011,120,1.7
339,Damadamm!,2011,130,4.0
367,Delhi Belly,2011,140,7.6
373,Desi Boyz,2011,110,5.7
406,Dil Toh Baccha Hai Ji,2011,120,5.8
425,Don 2,2011,130,7.1
429,Double Dhamaal,2011,140,3.8
436,Dum Maaro Dum,2011,110,6.2
467,F.A.L.T.U,2011,120,4.6
488,Force,2011,130,6.5
507,Game,2011,140,5.2
509,Gandhi to Hitler,2011,110,2.5
519,Gattu,2011,120,7.3
572,Happy Husbands,2011,130,3.2
617,Hostel,2011,140,5.2
632,Hum Tum Shabana,2011,110,3.6
654,Impatient Vivek,2011,120,2.1
726,Jo Hum Chahein,2011,130,4.5
805,Khap,2011,140,5.0
845,Kucch Luv Jaisaa,2011,110,4.3
894,Loot,2011,120,3.3
899,Love Breakups Zindagi,2011,130,5.8
920,Luv Ka The End,2011,140,4.8
971,Masti Express,2011,110,5.1
975,Mausam,2011,120,4.7
986,Mere Brother Ki Dulhan,2011,130,5.8
998,Milta Hai Chance By Chance,2011,140,6.2
1015,Monica,2011,110,5.5
1028,Mujhse Fraaandship Karoge,2011,120,6.9
1035,Mumbai Mast Kallander,2011,130,5.4
1042,Mumbhai Connection,2011,140,5.2
1047,Murder 2,2011,110,6.2
1055,My Friend Pinto,2011,120,5.3
1072,Naughty @ 40,2011,130,2.5
1087,No One Killed Jessica,2011,140,7.2
1091,Not a Love Story,2011,110,5.0
1147,Patiala House,2011,120,5.6
1157,Phhir,2011,130,5.0
1192,Pyaar Ka Punchnama,2011,140,7.6
1204,Ra.One,2011,110,4.7
1221,Ragini MMS,2011,120,4.9
1247,Rascals,2011,130,2.9
1248,Ready,2011,140,4.8
1267,Rockstar,2011,110,7.7
1296,Sahi Dhandhe Galat Bande,2011,120,4.8
1315,Satrangee Parachute,2011,130,5.3
1337,Shabri,2011,140,5.6
1338,Shagird,2011,110,7.1
1341,Shaitan,2011,120,7.2
1342,Shakal Pe Mat Ja,2011,130,4.9
1401,Stanley Ka Dabba,2011,140,7.8
1442,Tanu Weds Manu,2011,110,6.8
1451,Teen Thay Bhai,2011,120,4.2
1455,Tell Me O Kkhuda,2011,130,2.5
1464,Tere Mere Phere,2011,140,5.3
1471,Thank You,2011,110,4.7
1479,The Dirty Picture,2011,120,6.6
1499,The Train,2011,130,4.4
1534,Turning 30!!!,2011,140,5.1
1537,U R My Jaan,2011,110,5.8
1549,United Six,2011,120,3.9
1551,Utt Pataang,2011,130,6.0
1612,Yeh Dooriyan,2011,140,4.7
1613,Yeh Faasley,2011,110,5.8
1623,Yeh Saali Zindagi,2011,120,7.5
1639,Zindagi Na Milegi Dobara,2011,130,8.2
1642,Zokkomon,2011,140,4.0
6,?: A Question Mark,2012,110,5.6
12,3 Bachelors,2012,120,3.3
37,Aalaap,2012,130,5.4
55,Ab Hoga Dharna Unlimited,2012,140,4.0
68,Agent Vinod,2012,110,5.2
69,Agneepath,2012,120,6.9
79,Aiyyaa,2012,130,4.4
80,Ajab Gazabb Love,2012,140,4.2
126,Arjun: The Warrior Prince,2012,110,6.8
137,B.A. Pass,2012,120,6.4
177,Barfi!,2012,130,8.1
212,Bhoot Returns,2012,140,2.5
224,Bittoo Boss,2012,110,4.1
230,Blood Money,2012,120,5.0
236,Bol Bachchan,2012,130,5.5
264,Chaar Din Ki Chandni,2012,140,4.1
268,Chakravyuh,2012,110,6.8
272,Chal Pichchur Banate Hain,2012,120,6.1
274,Challo Driver,2012,130,5.9
300,Chhodo Kal Ki Baatein,2012,140,6.9
302,Chhota Bheem And The Curse Of Damyaan,2012,110,5.7
310,Chittagong,2012,120,7.3
319,Cocktail,2012,130,6.3
334,Dabangg 2,2012,140,4.8
342,Dangerous Ishq,2012,110,3.9
368,Delhi Safari,2012,120,5.6
371,Department,2012,130,3.1
450,Ek Main Aur Ekk Tu,2012,140,5.7
455,Ek Tha Tiger,2012,110,5.5
458,Ekk Deewana Tha,2012,120,5.9
465,English Vinglish,2012,130,7.8
474,Fatso!,2012,140,5.7
475,Ferrari Ki Sawaari,2012,110,6.4
479,Filmistaan,2012,120,7.3
495,From Sydney with Love,2012,130,6.2
501,Future To Bright Hai Ji,2012,140,6.2
506,Gali Gali Chor Hai,2012,110,5.1
516,Gangs of Wasseypur,2012,120,8.2
549,Gulabi Gang,2012,130,7.5
580,Hate Story,2012,140,5.3
600,Heroine,2012,110,5.1
620,Housefull 2,2012,120,5.3
666,Ishaqzaade,2012,130,6.5
688,Jab Tak Hai Jaan,2012,140,6.7
702,Jalpari: The Desert Mermaid,2012,110,7.1
705,Jannat 2,2012,120,6.2
710,Jeena Hai Toh Thok Daal,2012,130,5.5
724,Jism 2,2012,140,3.0
728,Jodi Breakers,2012,110,3.5
732,Joker,2012,120,2.4
765,Kahaani,2012,130,8.1
777,Kamaal Dhamaal Malamaal,2012,140,4.1
813,Khiladi 786,2012,110,4.3
829,Kismet Love Paisa Dilli,2012,120,4.2
840,Krishna Aur Kans,2012,130,6.5
866,Kyaa Super Kool Hain Hum,2012,140,4.9
885,Life Ki Toh Lag Gayi,2012,110,5.3
891,Login,2012,120,6.1
910,Love You To Death,2012,130,5.3
921,Luv Shuv Tey Chicken Khurana,2012,140,6.6
923,Luv U Soniyo,2012,110,5.5
965,Married 2 America,2012,120,4.2
976,Maximum,2012,130,4.7
1002,Miss Lovely,2012,140,6.4
1114,Overtime,2012,110,4.8
1119,Paan Singh Tomar,2012,120,8.2
1176,Players,2012,130,4.1
1200,Qasam Se Qasam Se,2012,140,4.0
1209,Raaz 3: The Third Dimension,2012,110,4.0
1235,Rakhtbeej,2012,120,3.1
1275,Rowdy Rathore,2012,130,5.7
1282,Rush,2012,140,3.7
1295,Sadda Adda,2012,110,7.1
1320,Say Yes to Love,2012,120,5.5
1340,Shahid,2012,130,8.2
1345,Shanghai,2012,140,7.2
1354,Ship of Theseus,2012,110,8.1
1356,Shirin Farhad Ki Toh Nikal Padi,2012,120,4.2
1385,Son Of Sardaar,2012,130,4.0
1389,Sons of Ram,2012,140,6.7
1403,Staying Alive,2012,110,5.6
1409,Student of the Year,2012,120,5.3
1465,Tere Naal Love Ho Gaya,2012,130,5.8
1466,Teri Meri Kahaani,2012,140,4.7
1469,Tezz,2012,110,3.9
1558,Valentine's Night,2012,120,2.3
1566,Vicky Donor,2012,130,7.8
1618,Yeh Khula Aasmaan,2012,140,6.8
1640,Zindagi Tere Naam,2012,110,4.4
50,Aashiqui 2,2013,120,7.0
53,Aatma,2013,130,3.8
85,Akaash Vani,2013,140,6.3
98,Amdavad Junction,2013,110,4.4
110,Ankhon Dekhi,2013,120,8.0
111,Ankur Arora Murder Case,2013,130,6.5
133,Aurangzeb,2013,140,6.5
146,Baat Bann Gayi,2013,110,5.1
164,Bajatey Raho,2013,120,5.3
172,Bandook,2013,130,5.9
198,Bhaag Milkha Bhaag,2013,140,8.2
231,Bloody Isshq,2013,110,7.2
239,Bombay Talkies,2013,120,6.7
243,Boss,2013,130,5.1
244,Boyss Toh Boyss Hain,2013,140,5.5
252,Bullett Raja,2013,110,5.0
259,Calapor,2013,120,4.5
290,Chashme Baddoor,2013,130,5.4
297,Chennai Express,2013,140,6.0
303,Chhota Bheem and the Throne of Bali,2013,110,6.2
311,Chor Chor Super Chor,2013,120,6.5
351,David,2013,130,6.2
365,Dehraadun Diary,2013,140,5.6
389,Dhoom 3,2013,110,5.4
409,Dilli Gang,2013,120,
456,Ek Thi Daayan,2013,130,5.7
464,Enemmy,2013,140,4.9
483,Fireflies,2013,110,6.2
499,Fukrey,2013,120,6.9
514,Gangoobai,2013,130,7.3
526,Ghanchakkar,2013,140,5.8
530,Gippi,2013,110,5.6
534,Go Goa Gone,2013,120,6.7
544,Grand Masti,2013,130,4.4
609,Himmatwala,2013,140,1.7
616,Horror Story,2013,110,4.2
626,Hum Hai Raahi Car Ke,2013,120,3.0
647,I Don't Luv U,2013,130,6.0
652,"I, Me Aur Main",2013,140,4.6
659,Inkaar,2013,110,6.0
667,Ishk Actually,2013,120,2.6
668,Ishkq in Paris,2013,130,3.8
679,Issaq,2013,140,4.5
691,Jackpot,2013,110,2.0
699,Jal,2013,120,6.7
708,Jayantabhai Ki Luv Story,2013,130,5.3
730,John Day,2013,140,5.6
733,Jolly LLB,2013,110,7.5
749,Kaafiron Ki Namaaz,2013,120,7.1
771,Kajarya,2013,130,6.6
776,Kalyug,2013,140,
844,Krrish 3,2013,110,5.2
889,Listen... Amaya,2013,120,6.6
896,Lootera,2013,130,7.3
931,Maazii,2013,140,5.8
938,Madras Cafe,2013,110,7.7
945,Main Krishna Hoon,2013,120,5.3
973,Mastram,2013,130,4.8
974,Matru Ki Bijlee Ka Mandola,2013,140,5.6
987,Mere Dad Ki Maruti,2013,110,6.4
994,Meri Shadi Karao,2013,120,
995,Mickey Virus,2013,130,6.0
1016,Monsoon Shootout,2013,140,6.6
1038,Mumbai Mirror,2013,110,4.9
1048,Murder 3,2013,120,4.9
1071,Nasha,2013,130,3.2
1122,Paapi - Ek Satya Katha,2013,140,3.8
1156,Phata Poster Nikhla Hero,2013,110,4.8
1179,Policegiri,2013,120,4.1
1182,Prague,2013,130,5.6
1202,Queen,2013,140,8.2
1203,R... Rajkumar,2013,110,5.2
1206,Raanjhanaa,2013,120,7.6
1214,Rabba Main Kya Karoon,2013,130,4.3
1216,Race 2,2013,140,5.4
1231,Rajjo,2013,110,2.3
1238,Ramaiya Vastavaiya,2013,120,5.7
1244,Rangrezz,2013,130,5.1
1317,Satya 2,2013,140,5.9
1318,Satyagraha,2013,110,5.9
1360,Shootout at Wadala,2013,120,5.9
1363,Shortcut Romeo,2013,130,2.3
1366,Shree,2013,140,6.3
1368,Shuddh Desi Romance,2013,110,6.0
1370,Siddharth,2013,120,7.3
1376,Singh Saab The Great,2013,130,5.6
1380,Sixteen,2013,140,6.3
1391,Sooper Se Ooper,2013,110,4.3
1397,Special 26,2013,120,8.0
1419,Sunglass,2013,130,5.4
1423,Super Model,2013,140,1.9
1432,Table No. 21,2013,110,7.2
1475,The Adventures of Sinbad,2013,120,
1490,The Lunchbox,2013,130,7.8
1500,The Unsound,2013,140,4.6
1542,Ugly,2013,110,8.0
1569,Vishwaroopam,2013,120,8.1
1579,Wake Up India,2013,130,6.7
1584,War Chhod Na Yaar,2013,140,5.4
1585,Warning,2013,110,4.6
1595,What the Fish,2013,120,5.0
1599,Woh,2013,130,7.1
1607,Yamla Pagla Deewana 2,2013,140,3.4
1616,Yeh Jawaani Hai Deewani,2013,110,7.1
1630,Zanjeer,2013,120,3.2
1635,Zila Ghaziabad,2013,130,3.6
9,2 States,2014,140,6.9
61,Action Jackson,2014,110,3.3
99,Amit Sahni Ki List,2014,120,5.4
104,Angry Young Man,2014,130,5.2
118,Anuradha,2014,140,
149,Babloo Happy Hai,2014,110,6.7
160,Badlapur Boys,2014,120,4.7
169,Balwinder Singh Famous Ho Gaya,2014,130,3.6
194,Bewakoofiyaan,2014,140,5.5
213,Bhoothnath Returns,2014,110,6.6
215,Bhopal: A Prayer for Rain,2014,120,7.2
234,Bobby Jasoos,2014,130,5.5
265,Chaarfutiya Chhokare,2014,140,5.9
306,Children of War,2014,110,6.7
327,Court,2014,120,7.7
329,Creature,2014,130,3.1
332,Daawat-e-Ishq,2014,140,6.1
347,Darr @ the Mall,2014,110,4.9
359,Dedh Ishqiya,2014,120,7.1
360,Dee Saturday Night,2014,130,
366,Dekh Tamasha Dekh,2014,140,6.1
374,Desi Kattey,2014,110,4.0
413,Dishkiyaoon,2014,120,5.2
438,Ebn-E-Batuta,2014,130,4.3
459,Ekkees Toppon Ki Salaami,2014,140,6.0
481,Finding Fanny,2014,110,5.7
498,Fugly,2014,120,4.7
512,Gang of Ghosts,2014,130,3.6
548,Gulaab Gang,2014,140,6.1
552,Gunday,2014,110,2.4
562,Haider,2014,120,8.1
571,Happy Ending,2014,130,5.4
573,Happy New Year,2014,140,5.0
578,Hasee Toh Phasee,2014,110,6.8
581,Hate Story 2,2014,120,4.4
586,Hawaa Hawaai,2014,130,7.4
591,Heartless,2014,140,5.1
601,Heropanti,2014,110,5.3
608,Highway,2014,120,7.6
613,Holiday: A Soldier Is Never Off Duty,2014,130,7.2
627,Hum Hai Teen Khurafaati,2014,140,6.2
639,Humpty Sharma Ki Dulhania,2014,110,6.0
641,Humshakals,2014,120,1.8
695,Jai Ho,2014,130,5.1
719,Jigariyaa,2014,140,4.9
768,Kahin Hai Mera Pyar,2014,110,5.7
782,Karar: The Deal,2014,120,4.2
783,Karle Pyaar Karle,2014,130,2.7
814,Khoobsurat,2014,140,6.4
818,Khwaabb,2014,110,5.5
821,Kick,2014,120,5.3
823,Kill Dil,2014,130,4.3
837,Koyelaanchal,2014,140,5.4
854,Kuku Mathur Ki Jhand Ho Gayi,2014,110,5.3
859,Kya Dilli Kya Lahore,2014,120,7.4
878,Lakshmi,2014,130,7.9
882,Lekar Hum Deewana Dil,2014,140,4.9
887,Life Mein Twist Hai,2014,110,
916,Lucky Kabootar,2014,120,5.1
924,M Cream,2014,130,5.6
926,M3 - Midsummer Midnight Mumbai,2014,140,
932,Machhli Jal Ki Rani Hai,2014,110,2.3
942,Main Aur Mr. Riight,2014,120,5.2
947,Main Tera Hero,2014,130,5.1
954,Manjunath,2014,140,7.2
958,Mardaani,2014,110,7.3
961,Margarita with a Straw,2014,120,7.2
966,Mary Kom,2014,130,6.8
981,Meinu Ek Ladki Chaahiye,2014,140,2.9
1020,Mr Joe B. Carvalho,2014,110,3.6
1033,Mumbai Delhi Mumbai,2014,120,5.7
1078,Neighbours,2014,130,3.2
1093,O Teri,2014,140,3.3
1107,One by Two,2014,110,4.2
1137,Paranthe Wali Gali,2014,120,5.0
1172,Pizza,2014,130,6.2
1173,PK,2014,140,8.1
1188,Purani Jeans,2014,110,6.3
1222,Ragini MMS 2,2014,120,3.8
1230,Raja Natwarlal,2014,130,6.1
1256,Revolver Rani,2014,140,4.5
1260,Riyasat,2014,110,6.4
1301,Samrat & Co.,2014,120,6.2
1329,Shaadi Ke Side Effects,2014,130,5.6
1378,Singham Returns,2014,140,5.7
1386,Sonali Cable,2014,110,5.3
1396,Spark,2014,120,5.9
1402,Station,2014,130,7.5
1408,Strings of Passion,2014,140,6.5
1414,Sulemani Keeda,2014,110,7.1
1424,Super Nani,2014,120,4.6
1478,The Dark Secrets Of Tonhi,2014,130,
1494,The Shaukeens,2014,140,4.9
1513,Titli,2014,110,7.6
1514,Titoo MBA,2014,120,4.3
1518,Total Siyapaa,2014,130,5.0
1547,Ungli,2014,140,5.7
1572,W,2014,110,6.6
1603,Ya Rab,2014,120,5.9
1605,Yaariyan,2014,130,2.7
1614,Yeh Hai Bakrapur,2014,140,3.6
1626,Youngistaan,2014,110,5.1
1631,Zed Plus,2014,120,6.4
1634,Zid,2014,130,4.4
15,31st October,2015,140,5.8
57,Ab Tak Chhappan 2,2015,110,5.8
74,Aisa Yeh Jahaan,2015,120,6.6
92,All Is Well,2015,130,3.8
95,Alone,2015,140,3.7
103,Angry Indian Goddesses,2015,110,7.0
152,Baby,2015,120,8.0
159,Badlapur,2015,130,7.4
161,Badmashiyaan,2015,140,4.6
165,Bajirao Mastani,2015,110,7.2
167,Bajrangi Bhaijaan,2015,120,8.0
173,Bangistan,2015,130,4.5
178,Barkhaa,2015,140,5.1
196,Bezubaan Ishq,2015,110,4.0
197,Bhaag Johnny,2015,120,5.2
226,Black & White,2015,130,
241,Bombay Velvet,2015,140,5.6
246,Brothers,2015,110,6.5
255,Bumper Draw,2015,120,4.8
261,Calendar Girls,2015,130,4.2
288,Charlie Kay Chakkar Mein,2015,140,4.5
307,Chinar Daastaan-E-Ishq,2015,110,6.8
321,Coffee Bloom,2015,120,5.9
328,Crazy Cukkad Family,2015,130,5.1
383,Dharam Sankat Mein,2015,140,6.3
395,Dil Dhadakne Do,2015,110,6.9
410,Dilwale,2015,120,5.1
412,Dirty Politics,2015,130,2.5
423,Dolly Ki Doli,2015,140,4.5
431,Drishyam,2015,110,8.2
452,Ek Paheli Leela,2015,120,3.7
490,Four Pillars of Basement,2015,130,4.6
503,Gabbar is Back,2015,140,7.1
546,Guddu Rangeela,2015,110,5.3
567,Hamari Adhuri Kahani,2015,120,6.7
575,Haraamkhor,2015,130,6.4
582,Hate Story 3,2015,140,4.5
587,Hawaizaada,2015,110,5.5
598,Hero,2015,120,3.5
602,Hey Bro,2015,130,2.9
643,Hunterrr,2015,140,7.0
649,I Love Desi,2015,110,
650,I Love NY,2015,120,3.4
671,Ishq Ke Parindey,2015,130,6.8
674,Ishqedarriyaan,2015,140,4.8
678,Island City,2015,110,6.7
696,Jai Jawaan Jai Kisaan,2015,120,5.2
709,Jazbaa,2015,130,5.8
750,Kaagaz Ke Fools,2015,140,3.9
793,Katti Batti,2015,110,4.9
795,Kaun Kitney Paani Mein,2015,120,6.1
825,Kis Kisko Pyaar Karoon,2015,130,5.7
848,Kuch Kuch Locha Hai,2015,140,2.5
900,Love Exchange,2015,110,5.2
914,Luckhnowi Ishq,2015,120,7.1
922,Luv U Alia,2015,130,5.3
941,Main Aur Charles,2015,140,6.3
944,Main Hoon Rajinikanth,2015,110,7.3
967,Masaan,2015,120,8.2
1003,Miss Tanakpur Haazir Ho,2015,130,5.4
1011,Mohalla Assi,2015,140,6.8
1023,Mr. X,2015,110,3.8
1083,Nil Battey Sannata,2015,120,8.3
1104,Once Upon A Time In Bihar,2015,130,6.7
1116,P Se PM Tak,2015,140,3.9
1138,Parched,2015,110,7.6
1154,Phantom,2015,120,5.9
1168,Piku,2015,130,7.6
1187,Prem Ratan Dhan Payo,2015,140,4.4
1193,Pyaar Ka Punchnama 2,2015,110,7.2
1223,Rahasya,2015,120,7.6
1276,Roy,2015,130,3.3
1294,Sabki Bajegi Band,2015,140,3.5
1321,Second Hand Husband,2015,110,3.8
1334,Shaandaar,2015,120,3.5
1344,Shamitabh,2015,130,6.8
1346,Sharafat Gayi Tel Lene,2015,140,4.9
1375,Singh Is Bliing,2015,110,5.0
1394,Sorry Daddy,2015,120,4.7
1436,Take It Easy,2015,130,7.4
1438,Talvar,2015,140,8.2
1439,Tamasha,2015,110,7.3
1443,Tanu Weds Manu Returns,2015,120,7.6
1467,Tevar,2015,130,4.0
1495,The Silent Heroes,2015,140,6.4
1503,Thoda Lutf Thoda Ishq,2015,110,4.1
1511,Time Out,2015,120,5.9
1546,Umrika,2015,130,6.6
1553,Uvaa,2015,140,4.9
1576,Waiting,2015,110,7.2
1589,Wedding Pullav,2015,120,3.8
1591,Welcome 2 Karachi,2015,130,4.3
1592,Welcome Back,2015,140,4.2
1604,Yaara Silly Silly,2015,110,5.6
1644,Zubaan,2015,120,6.1
8,1920 London,2016,130,4.1
19,7 Hours To Go,2016,140,5.7
24,A Death in the Gunj,2016,110,7.5
26,A Flying Jatt,2016,120,3.0
28,A Scandall,2016,130,3.1
66,Ae Dil Hai Mushkil,2016,140,5.8
72,Airlift,2016,110,8.0
112,Anna,2016,120,4.9
136,Azhar,2016,130,5.7
141,Baaghi,2016,140,5.2
145,Baar Baar Dekho,2016,110,5.3
174,Banjo,2016,120,4.9
188,Befikre,2016,130,3.9
191,Beiimaan Love,2016,140,2.8
237,Bollywood Diaries,2016,110,6.0
248,Buddha in a Traffic Jam,2016,120,6.7
253,Bumboo,2016,130,
273,Chalk n Duster,2016,140,6.5
341,Dangal,2016,110,8.4
352,Days of Tafree,2016,120,7.3
357,Dear Dad,2016,130,6.3
382,Dhara 302,2016,140,4.4
407,Dil Toh Deewana Hai,2016,110,6.5
411,Direct Ishq,2016,120,4.0
414,Dishoom,2016,130,5.1
420,Do Lafzon Ki Kahani,2016,140,6.5
435,Dum Laga Ke Haisha,2016,110,7.3
447,Ek Kahani Julie Ki,2016,120,
469,Fan,2016,130,7.0
476,Fever,2016,140,4.7
484,Fitoor,2016,110,5.4
489,Force 2,2016,120,6.2
493,Freaky Ali,2016,130,4.9
494,Fredrick,2016,140,4.9
497,Fuddu,2016,110,5.4
528,Ghayal Once Again,2016,120,6.3
532,Global Baba,2016,130,5.6
545,Great Grand Masti,2016,140,3.6
553,Gurgaon,2016,110,6.5
561,Hai Apna Dil Toh Awara,2016,120,6.1
570,Happy Bhaag Jayegi,2016,130,6.5
621,Housefull 3,2016,140,5.0
669,Ishq Forever,2016,110,4.0
694,Jai Gangaajal,2016,120,5.6
739,Jugni,2016,130,6.2
745,Junooniyat,2016,140,4.2
766,Kahaani 2,2016,110,6.6
780,Kapoor & Sons,2016,120,7.7
809,Khel Toh Ab Shuru Hoga,2016,130,5.2
820,Ki & Ka,2016,140,5.8
865,Kyaa Kool Hain Hum 3,2016,110,1.9
870,Laal Rang,2016,120,8.0
888,Lipstick Under My Burkha,2016,130,6.8
901,Love Games,2016,140,4.3
903,Love Ke Funday,2016,110,6.6
906,Love Shagun,2016,120,4.4
911,LoveShhuda,2016,130,4.5
925,M.S. Dhoni: The Untold Story,2016,140,7.9
934,Madaari,2016,110,7.6
972,Mastizaade,2016,120,2.4
1012,Mohenjo Daro,2016,130,5.7
1018,Motu Patlu: King Of Kings,2016,140,6.7
1045,Murari the Mad Gentleman,2016,110,6.2
1076,Neerja,2016,120,7.6
1110,One Night Stand,2016,130,3.1
1163,Phobia,2016,140,6.9
1167,Pihu,2016,110,6.7
1170,Pink,2016,120,8.1
1210,Raaz Reboot,2016,130,4.4
1249,Rebellious Flower,2016,140,6.8
1265,Rock On 2,2016,110,5.0
1269,Rocky Handsome,2016,120,6.8
1274,Rough Book,2016,130,6.8
1283,Rustom,2016,140,7.1
1284,Saala Khadoos,2016,110,7.6
1288,Saat Uchakkey,2016,120,5.7
1302,Sanam Re,2016,130,3.2
1303,Sanam Teri Kasam,2016,140,7.4
1309,Santa Banta Pvt Ltd,2016,110,2.8
1310,Sarbjit,2016,120,7.3
1358,Shivaay,2016,130,6.2
1362,Shorgul,2016,140,5.7
1364,Shortcut Safari,2016,110,6.4
1416,Sultan,2016,120,7.0
1449,Te3n,2016,130,7.3
1460,Teraa Surroor,2016,140,2.6
1462,Tere Bin Laden: Dead or Alive,2016,110,4.3
1468,Tezaab,2016,120,
1477,The Blueberry Hunt,2016,130,5.6
1519,Traffic,2016,140,6.7
1521,Trapped,2016,110,7.6
1526,Tum Bin 2,2016,120,4.8
1535,Tutak Tutak Tutiya,2016,130,5.5
1541,Udta Punjab,2016,140,7.8
1562,Veerappan,2016,110,5.3
1575,Wah Taj,2016,120,5.4
1577,Wajah Tum Ho,2016,130,4.4
1586,Wazir,2016,140,7.1
1609,Yea Toh Two Much Ho Gayaa,2016,110,3.4
27,A Gentleman,2017,120,6.2
29,Aa Gaya Hero,2017,130,2.7
82,Ajab Singh Ki Gajab Kahani,2017,140,5.8
83,Ajji,2017,110,6.9
150,Babuji Ek Ticket Bambai,2017,120,
151,Babumoshai Bandookbaaz,2017,130,6.9
162,Badrinath Ki Dulhania,2017,140,6.1
175,Bank Chor,2017,110,5.9
189,Begum Jaan,2017,120,5.6
190,Behen Hogi Teri,2017,130,5.6
195,Beyond the Clouds,2017,140,7.0
203,Bhanwarey,2017,110,6.8
210,Bhoomi,2017,120,5.3
222,Bioscopewala,2017,130,7.6
267,Chakallaspur,2017,140,
292,Chauhar,2017,110,6.8
295,Chef,2017,120,5.7
323,Commando 2,2017,130,5.3
337,Daddy,2017,140,6.4
358,Dear Maya,2017,110,5.8
400,Dil Jo Na Keh Saka,2017,120,5.3
421,Dobaara: See Your Evil,2017,130,3.7
445,Ek Haseena Thi Ek Deewana Tha,2017,140,2.5
482,Firangi,2017,110,4.4
486,Flat 211,2017,120,5.1
500,Fukrey Returns,2017,130,6.5
502,G Kutta Se,2017,140,8.3
508,Game Over,2017,110,7.1
538,Golmaal Again,2017,120,5.0
547,Guest Iin London,2017,130,5.4
563,Half Girlfriend,2017,140,4.4
610,Hindi Medium,2017,110,7.9
658,Indu Sarkar,2017,120,6.0
665,Irada,2017,130,6.3
681,Ittefaq,2017,140,7.2
687,Jab Harry Met Sejal,2017,110,5.3
692,Jagga Jasoos,2017,120,6.5
706,Jattu Engineer,2017,130,5.8
711,Jeena Isi Ka Naam Hai,2017,140,5.4
718,Jia aur Jia,2017,110,4.4
734,Jolly LLB 2,2017,120,7.2
738,Judwaa 2,2017,130,3.6
741,Julie 2,2017,140,2.3
747,Kaabil,2017,110,7.1
763,Kadvi Hawa,2017,120,8.1
871,Laali Ki Shaadi Mein Laaddoo Deewana,2017,130,3.4
909,Love You Family,2017,140,4.2
915,Lucknow Central,2017,110,6.2
930,Maatr,2017,120,4.5
933,Machine,2017,130,2.7
956,Mantostaan,2017,140,6.0
993,Meri Pyaari Bindu,2017,110,6.0
1000,Mirza Juuliet,2017,120,4.1
1013,Mom,2017,130,7.3
1024,Mubarakan,2017,140,5.5
1044,Munna Michael,2017,110,3.3
1063,Naam Shabana,2017,120,6.3
1081,Newton,2017,130,7.7
1090,Noor,2017,140,3.9
1097,Ok Jaanu,2017,110,5.2
1102,Omerta,2017,120,7.2
1133,Panchlait,2017,130,8.4
1146,Patel Ki Punjabi Shaadi,2017,140,4.1
1158,Phillauri,2017,110,6.1
1181,Poster Boys,2017,120,5.4
1205,Raabta,2017,130,5.1
1218,Raees,2017,140,6.8
1240,Ranchi Diaries,2017,110,7.3
1243,Rangoon,2017,120,5.6
1257,Ribbon,2017,130,6.9
1279,Rukh,2017,140,6.4
1286,Saanjh,2017,110,8.2
1299,Sallu ki Shaadi,2017,120,3.6
1313,Sarkar 3,2017,130,4.9
1322,Secret Superstar,2017,140,7.8
1330,Shaadi Mein Zaroor Aana,2017,110,7.6
1367,Shubh Mangal Savdhan,2017,120,6.9
1374,Simran,2017,130,5.1
1429,Sweetiee Weds NRI,2017,140,3.4
1456,Tera Intezaar,2017,110,1.8
1483,The Final Exit,2017,120,6.2
1484,The Ghazi Attack,2017,130,7.6
1486,The House Next Door,2017,140,6.8
1507,Thodi Thodi Si Manmaaniyan,2017,110,5.9
1510,Tiger Zinda Hai,2017,120,5.9
1524,Tubelight,2017,130,3.8
1531,Tumhari Sulu,2017,140,7.0
1539,"U, Me Aur Ghar",2017,110,6.6
1548,Union Leader,2017,120,7.3
1588,Wedding Anniversary,2017,130,4.9
3,1921,2018,140,4.5
7,102 Not Out,2018,110,7.4
10,22 Days,2018,120,6.1
14,3 Storeys,2018,130,6.9
78,Aiyaary,2018,140,5.3
101,Andhadhun,2018,110,8.2
138,Baa Baaa Black Sheep,2018,120,6.4
142,Baaghi 2,2018,130,4.8
148,Baazaar,2018,140,6.6
156,Badhaai Ho,2018,110,8.0
166,Bajra vs Burger,2018,120,
185,Batti Gul Meter Chalu,2018,130,6.0
205,Bhavesh Joshi Superhero,2018,140,7.6
214,Bhootwali Love Story,2018,110,
220,Billu Ustaad,2018,120,6.9
228,Blackmail,2018,130,7.1
278,Chameli,2018,140,
293,Chausar,2018,110,6.4
331,Daas Dev,2018,120,5.1
343,Dansh,2018,130,8.3
348,Dassehra,2018,140,3.8
379,Dhadak,2018,110,4.5
401,Dil Juunglee,2018,120,3.7
496,FryDay,2018,130,5.2
522,Genius,2018,140,5.3
536,Gold,2018,110,7.3
564,Halkaa,2018,120,7.2
568,Hamid,2018,130,7.8
574,Happy Phirr Bhag Jayegi,2018,140,4.5
579,Haseena,2018,110,4.4
592,Helicopter Eela,2018,120,5.6
605,Hichki,2018,130,7.5
607,High Jack,2018,140,5.4
615,Hope Aur Hum,2018,110,6.3
618,Hotel Milan,2018,120,3.8
672,Ishq Tera,2018,130,5.5
675,Ishqeria,2018,140,4.1
685,Jaane Kyun De Yaaron,2018,110,4.8
700,Jalebi,2018,120,6.0
752,Kaalakaandi,2018,130,6.3
756,Kaashi in Search of Ganga,2018,140,5.4
786,Karwaan,2018,110,7.6
792,Kathor,2018,120,5.6
797,Kedarnath,2018,130,6.9
800,Khajoor Pe Atke,2018,140,5.6
851,Kuchh Bheege Alfaaz,2018,110,7.5
876,Laila Majnu,2018,120,7.8
905,Love Per Square Foot,2018,130,7.2
907,Love Sonia,2018,140,7.4
919,Lupt,2018,110,5.6
929,Maal road dilli,2018,120,5.7
955,Manto,2018,130,7.4
1004,Missing,2018,140,5.8
1007,Mitron,2018,110,6.9
1032,Mulk,2018,120,6.9
1052,My Birthday Song,2018,130,5.5
1067,Namaste England,2018,140,2.2
1069,Nanu Ki Jaanu,2018,110,5.9
1073,Nawabzaade,2018,120,4.4
1084,Nirdosh,2018,130,3.9
1094,Objection My God,2018,140,
1095,October,2018,110,7.5
1098,OK Mein Dhokhe,2018,120,
1109,One Night Out,2018,130,7.0
1124,Pad Man,2018,140,7.9
1125,Padmaavat,2018,110,7.0
1132,Paltan,2018,120,5.3
1139,Pareshaan Parinda,2018,130,4.8
1142,Parmanu: The Story Of Pokhran,2018,140,7.6
1145,Pataakha,2018,110,7.2
1153,Phamous,2018,120,3.8
1174,PK Lele A Salesman,2018,130,5.5
1212,Raazi,2018,140,7.8
1217,Race 3,2018,110,1.9
1225,Raid,2018,120,7.4
1227,Raja Abroadiya,2018,130,4.3
1232,Rajma Chawal,2018,140,5.8
1307,Sanju,2018,110,7.7
1319,Satyameva Jayate,2018,120,5.7
1333,Shaadi Teri Bajayenge Hum Band,2018,130,4.9
1373,Simmba,2018,140,5.6
1388,Soni,2018,110,7.2
1390,Sonu Ke Titu Ki Sweety,2018,120,7.1
1392,Soorma,2018,130,7.4
1406,Stree,2018,140,7.6
1413,Sui Dhaaga,2018,110,6.8
1487,The Journey of Karma,2018,120,6.6
1491,The Past,2018,130,3.5
1501,The Window,2018,140,7.0
1509,Thugs of Hindostan,2018,110,4.1
1530,Tumbbad,2018,120,8.3
1550,Uri: The Surgical Strike,2018,130,8.2
1563,Veere Di Wedding,2018,140,3.2
1564,Veerey Ki Wedding,2018,110,2.8
1571,Vodka Diaries,2018,120,5.6
1593,Welcome To New York,2018,130,1.6
1597,When Obama Loved Osama,2018,140,4.9
1633,Zero,2018,110,5.4
1643,Zoo,2018,120,5.7
21,72 Hours: Martyr Who Never Died,2019,130,5.3
91,Albert Pinto Ko Gussa Kyun Aata Hai?,2019,140,5.5
97,Amavas,2019,110,2.8
125,Arjun Patiala,2019,120,4.3
128,Article 15,2019,130,8.2
158,Badla,2019,140,7.8
168,Bala,2019,110,7.3
183,Batla House,2019,120,7.2
184,Battalion 609,2019,130,2.8
204,Bharat,2019,140,4.9
229,Blank,2019,110,6.2
238,Bombairiya,2019,120,4.5
257,Bypass Road,2019,130,5.4
299,Chhichhore,2019,140,8.3
305,Chicken Curry Law,2019,110,5.3
335,Dabangg 3,2019,120,3.0
354,De De Pyaar De,2019,130,6.6
430,Dream Girl,2019,140,7.0
449,Ek Ladki Ko Dekha Toh Aisa Laga,2019,110,5.5
461,Ekta,2019,120,8.0
468,Family of Thakurganj,2019,130,8.4
492,Fraud Saiyaan,2019,140,4.3
529,Ghost,2019,110,5.0
550,Gully Boy,2019,120,8.0
622,Housefull 4,2019,130,3.5
624,Hum Chaar,2019,140,5.7
634,Hume Tumse Pyaar Kitna,2019,110,4.9
655,India's Most Wanted,2019,120,4.5
690,Jabariya Jodi,2019,130,4.4
713,Jhalki,2019,140,7.2
717,Jhootha Kahin Ka,2019,110,4.7
737,Judgementall Hai Kya,2019,120,5.9
744,Junglee,2019,130,5.6
760,Kabir Singh,2019,140,7.1
775,Kalank,2019,110,3.6
799,Kesari,2019,120,7.4
803,Khamoshi,2019,130,3.5
804,Khandaani Shafakhana,2019,140,4.0
842,Krodh,2019,110,
869,Laal Kaptaan,2019,120,7.3
918,Luka Chuppi,2019,130,6.3
935,Made In China,2019,140,6.2
949,Malaal,2019,110,6.0
953,Manikarnika: The Queen of Jhansi,2019,120,6.4
959,Mardaani 2,2019,130,7.4
963,Marjaavaan,2019,140,3.6
996,Milan Talkies,2019,110,5.0
1006,Mission Mangal,2019,120,6.5
1092,Notebook,2019,130,6.9
1108,One Day: Justice Delivered,2019,140,5.0
1117,P Se Pyaar F Se Faraar,2019,110,6.8
1127,Pagalpanti,2019,120,3.2
1131,Pal Pal Dil Ke Paas,2019,130,4.6
1134,Panipat,2019,140,5.3
1166,Photograph,2019,110,6.9
1177,PM Narendra Modi,2019,120,3.1
1183,Pranaam,2019,130,4.3
1184,Prassthanam,2019,140,5.9
1242,Rangeela Raja,2019,110,2.3
1273,Romeo Akbar Walter,2019,120,6.6
1285,Saand Ki Aankh,2019,130,7.7
1323,Section 375,2019,140,8.1
1325,Setters,2019,110,5.3
1377,Singham,2019,120,5.5
1387,Sonchiriya,2019,130,8.1
1405,Strangers,2019,140,
1410,Student of the Year 2,2019,110,2.2
1422,Super 30,2019,120,8.0
1470,Thackeray,2019,130,5.2
1474,The Accidental Prime Minister,2019,140,6.0
1489,The Lift Boy,2019,110,7.2
1496,The Sky Is Pink,2019,120,7.6
1498,The Tashkent Files,2019,130,7.8
1502,The Zoya Factor,2019,140,4.2
1517,Total Dhamaal,2019,110,4.2
1583,War,2019,120,6.5
1598,Why Cheat India,2019,130,6.0
391,Dil Bechara,2020,140,6.6
707,Jawaani Jaaneman,2020,110,6.6
895,Lootcase,2020,120,7.6
897,Love Aaj Kal,2020,130,4.7
589,Hawayein,2021,140,
1140,Pari,2021,110,
Movie ID,Name,Year,Duration,Rating